Time, GazeX, GazeY, GazeZ, GazePoint, CamX, CamY, CamZ,CamRotateX,CamRotateY,CamRotateZ, CameraRotateW, Dected_Objects,Accident
4/24/2019 17:04,427.1205,1.864254,448.7149,ontriggerstay (2),427.199,1.826321,447.555,-0.01592726,-0.03424171,-0.01155979,0.9992198,car interaction (UnityEngine.GameObject);Default_CC_Base_Head_Default (1) (UnityEngine.GameObject);Camera (UnityEngine.GameObject);ontriggerstay (2) (UnityEngine.GameObject);Sight (UnityEngine.GameObject);CSTemplate-SlantedRoofSmall(Clone) (UnityEngine.GameObject);Sight (UnityEngine.GameObject);Sight (UnityEngine.GameObject),  
4/24/2019 17:04,426.9787,2.057348,448.7149,ontriggerstay (2),426.9994,2.009225,447.5959,-0.02142895,-0.008319393,-0.003701376,0.9997289,car interaction (UnityEngine.GameObject);Default_CC_Base_Head_Default (1) (UnityEngine.GameObject);Camera (UnityEngine.GameObject);ontriggerstay (2) (UnityEngine.GameObject);Sight (UnityEngine.GameObject);CSTemplate-SlantedRoofSmall(Clone) (UnityEngine.GameObject);Sight (UnityEngine.GameObject);Sight (UnityEngine.GameObject);Range rover (16) (UnityEngine.GameObject);Sight (UnityEngine.GameObject),  
4/24/2019 17:04,426.2371,0.8923739,448.7149,ontriggerstay (2),426.2699,0.9020587,447.7409,0.004575353,-0.01667785,0.02310218,0.9995835,car interaction (UnityEngine.GameObject);Default_CC_Base_Head_Default (1) (UnityEngine.GameObject);Camera (UnityEngine.GameObject);ontriggerstay (2) (UnityEngine.GameObject);Sight (UnityEngine.GameObject);CSTemplate-SlantedRoofSmall(Clone) (UnityEngine.GameObject);Range rover (16) (UnityEngine.GameObject);Sight (UnityEngine.GameObject);Sight (UnityEngine.GameObject);TrafficBarup (UnityEngine.GameObject),HitByCar
4/24/2019 17:04,433.37,0.09975941,464.8784,Street_3_3,428.0316,1.257073,448.4546,0.02677117,0.1573113,-0.04459631,0.9861783,car interaction (UnityEngine.GameObject);Default_CC_Base_Head_Default (1) (UnityEngine.GameObject);Camera (UnityEngine.GameObject);Street_3_3 (UnityEngine.GameObject);Cube (1) (UnityEngine.GameObject);Traffic_Lamp_Dual_Animated_Pedestrian_v_A (3) (UnityEngine.GameObject);ontriggerstay (1) (UnityEngine.GameObject);ontriggerstay (2) (UnityEngine.GameObject);RedLightTarget (1) (UnityEngine.GameObject);CSTemplate-SlantedRoofSmall(Clone) (UnityEngine.GameObject);Sight (UnityEngine.GameObject);Sight (UnityEngine.GameObject);Sight (UnityEngine.GameObject);Sight (UnityEngine.GameObject);Sight (UnityEngine.GameObject);TrafficBarup (UnityEngine.GameObject),  
4/24/2019 17:04,434.5106,0.09975944,472.2555,Street_3_3,427.3446,1.995817,448.8773,0.03595607,0.1473412,-0.02123766,0.9882038,car interaction (UnityEngine.GameObject);Default_CC_Base_Head_Default (1) (UnityEngine.GameObject);Camera (UnityEngine.GameObject);Sight (UnityEngine.GameObject);Sight (UnityEngine.GameObject);Sight (UnityEngine.GameObject),  
4/24/2019 17:04,420.1803,-2.058968,477.4433,FuseModel (5),426.6029,-0.2114458,448.8304,0.03097861,-0.1091204,0.006247762,0.993526,car interaction (UnityEngine.GameObject);Default_CC_Base_Head_Default (1) (UnityEngine.GameObject);Camera (UnityEngine.GameObject);Street_3_3 (UnityEngine.GameObject);Range rover (16) (UnityEngine.GameObject);Sight (UnityEngine.GameObject);Sight (UnityEngine.GameObject);Sight (UnityEngine.GameObject);Sight (UnityEngine.GameObject);Street_3_2 (UnityEngine.GameObject);Street_2_2 (UnityEngine.GameObject),  
4/24/2019 17:04,426.3817,0.7075635,448.5536,Range rover (24),426.3884,0.7076443,448.5452,0.002453568,-0.334814,0.004371427,0.9422709,car interaction (UnityEngine.GameObject);Camera (UnityEngine.GameObject);Default_CC_Base_Head_Default (1) (UnityEngine.GameObject);Range rover (24) (UnityEngine.GameObject);ontriggerstay (2) (UnityEngine.GameObject);Cube (3) (UnityEngine.GameObject);RedLightTarget (4) (UnityEngine.GameObject);CSTemplate-SlantedRoofSmall(Clone) (UnityEngine.GameObject);Sight (UnityEngine.GameObject);Range rover (16) (UnityEngine.GameObject);Sight (UnityEngine.GameObject);Sight (UnityEngine.GameObject);Sight (UnityEngine.GameObject);Sight (UnityEngine.GameObject);Sight (UnityEngine.GameObject);Street_3_2Street_ (UnityEngine.GameObject);TrafficBarup (UnityEngine.GameObject),  
4/24/2019 17:04,425.9008,1.954841,448.7149,ontriggerstay (2),426.2021,1.989638,448.5138,0.04195433,-0.4709102,0.02342692,0.8808716,car interaction (UnityEngine.GameObject);Default_CC_Base_Head_Default (1) (UnityEngine.GameObject);Camera (UnityEngine.GameObject);Sight (UnityEngine.GameObject);Sight (UnityEngine.GameObject);Sight (UnityEngine.GameObject);Sight (UnityEngine.GameObject);Sight (UnityEngine.GameObject);Sight (UnityEngine.GameObject),  
4/24/2019 17:04,426.7402,1.910013,449.0196,Range rover (24),426.9369,1.977742,448.8164,0.1149388,-0.3702112,0.02869162,0.9213628,car interaction (UnityEngine.GameObject);Default_CC_Base_Head_Default (1) (UnityEngine.GameObject);Camera (UnityEngine.GameObject);Sight (UnityEngine.GameObject);Sight (UnityEngine.GameObject);Sight (UnityEngine.GameObject);Sight (UnityEngine.GameObject);Sight (UnityEngine.GameObject);Sight (UnityEngine.GameObject);Sight (UnityEngine.GameObject);Sight (UnityEngine.GameObject);Sight (UnityEngine.GameObject),  
4/24/2019 17:04,426.7863,1.933878,448.7149,ontriggerstay (2),426.909,1.972965,448.6194,0.1243823,-0.4314792,0.025091,0.8931546,car interaction (UnityEngine.GameObject);Default_CC_Base_Head_Default (1) (UnityEngine.GameObject);Camera (UnityEngine.GameObject);Sight (UnityEngine.GameObject);Sight (UnityEngine.GameObject);Sight (UnityEngine.GameObject);Sight (UnityEngine.GameObject);Sight (UnityEngine.GameObject);Sight (UnityEngine.GameObject);Sight (UnityEngine.GameObject),  
4/24/2019 17:04,426.9993,1.910013,448.9884,Range rover (24),427.1277,1.968925,448.8184,0.1346388,-0.3116216,0.02133843,0.9403771,car interaction (UnityEngine.GameObject);Default_CC_Base_Head_Default (1) (UnityEngine.GameObject);Camera (UnityEngine.GameObject);Sight (UnityEngine.GameObject);Sight (UnityEngine.GameObject);Sight (UnityEngine.GameObject);Sight (UnityEngine.GameObject);Sight (UnityEngine.GameObject);Sight (UnityEngine.GameObject);Sight (UnityEngine.GameObject);Sight (UnityEngine.GameObject),  
4/24/2019 17:04,422.7266,0.1999817,454.6369,Plane (5),427.1938,1.970731,448.7275,0.1154212,-0.3139936,0.02357957,0.9420881,car interaction (UnityEngine.GameObject);Default_CC_Base_Head_Default (1) (UnityEngine.GameObject);Camera (UnityEngine.GameObject);Sight (UnityEngine.GameObject);Sight (UnityEngine.GameObject);Sight (UnityEngine.GameObject);Sight (UnityEngine.GameObject);Sight (UnityEngine.GameObject);Sight (UnityEngine.GameObject);Sight (UnityEngine.GameObject);Sight (UnityEngine.GameObject);Sight (UnityEngine.GameObject);Sight (UnityEngine.GameObject);Sight (UnityEngine.GameObject),  
4/24/2019 17:04,427.3666,1.969975,448.7149,ontriggerstay (2),427.3811,1.977793,448.6808,0.1033688,-0.1960715,0.01275462,0.9750427,car interaction (UnityEngine.GameObject);Default_CC_Base_Head_Default (1) (UnityEngine.GameObject);Camera (UnityEngine.GameObject);Sight (UnityEngine.GameObject);Sight (UnityEngine.GameObject);Sight (UnityEngine.GameObject);Sight (UnityEngine.GameObject);Sight (UnityEngine.GameObject);Sight (UnityEngine.GameObject);Sight (UnityEngine.GameObject);Sight (UnityEngine.GameObject);Sight (UnityEngine.GameObject);Sight (UnityEngine.GameObject);Sight (UnityEngine.GameObject),  
4/24/2019 17:04,427.3056,1.960307,448.7149,ontriggerstay (2),427.3447,1.978055,448.6369,0.09955844,-0.2279989,0.01308394,0.9684697,car interaction (UnityEngine.GameObject);Default_CC_Base_Head_Default (1) (UnityEngine.GameObject);Camera (UnityEngine.GameObject);Sight (UnityEngine.GameObject);Sight (UnityEngine.GameObject);Sight (UnityEngine.GameObject);Sight (UnityEngine.GameObject);Sight (UnityEngine.GameObject);Sight (UnityEngine.GameObject);Sight (UnityEngine.GameObject);Sight (UnityEngine.GameObject);Sight (UnityEngine.GameObject);Sight (UnityEngine.GameObject);Sight (UnityEngine.GameObject),  
4/24/2019 17:04,427.39,2.004243,448.7713,ontriggerstay (2),427.4294,2.004049,448.6474,0.000413371,-0.1531205,-0.00752378,0.9881788,car interaction (UnityEngine.GameObject);Default_CC_Base_Head_Default (1) (UnityEngine.GameObject);Camera (UnityEngine.GameObject);Sight (UnityEngine.GameObject);Sight (UnityEngine.GameObject);Sight (UnityEngine.GameObject);Sight (UnityEngine.GameObject);Sight (UnityEngine.GameObject);Sight (UnityEngine.GameObject);Sight (UnityEngine.GameObject);Sight (UnityEngine.GameObject);Sight (UnityEngine.GameObject);Sight (UnityEngine.GameObject);Sight (UnityEngine.GameObject);Sight (UnityEngine.GameObject),  
4/24/2019 17:04,418.3522,-5.582747,471.5701,FuseModel (6),427.2642,-4.067812,448.6378,0.03003426,-0.1836326,0.006672881,0.9825134,car interaction (UnityEngine.GameObject);Default_CC_Base_Head_Default (1) (UnityEngine.GameObject);Camera (UnityEngine.GameObject);Sight (UnityEngine.GameObject);Sight (UnityEngine.GameObject);Sight (UnityEngine.GameObject);Sight (UnityEngine.GameObject);Sight (UnityEngine.GameObject);Sight (UnityEngine.GameObject);Sight (UnityEngine.GameObject);Sight (UnityEngine.GameObject);Sight (UnityEngine.GameObject);Sight (UnityEngine.GameObject);Sight (UnityEngine.GameObject);Sight (UnityEngine.GameObject);Sight (UnityEngine.GameObject),  
4/24/2019 17:04,420.8598,-1.049714,470.0501,Range rover (3),427.3706,-1.218874,448.5598,-0.003149972,-0.1462854,-0.004456332,0.9892274,car interaction (UnityEngine.GameObject);Default_CC_Base_Head_Default (1) (UnityEngine.GameObject);Camera (UnityEngine.GameObject);Street_3_3 (UnityEngine.GameObject);Sight (UnityEngine.GameObject);Sight (UnityEngine.GameObject);Range rover (16) (UnityEngine.GameObject);Sight (UnityEngine.GameObject);Sight (UnityEngine.GameObject);Sight (UnityEngine.GameObject);Sight (UnityEngine.GameObject);Sight (UnityEngine.GameObject);Sight (UnityEngine.GameObject);Sight (UnityEngine.GameObject);Sight (UnityEngine.GameObject);Sight (UnityEngine.GameObject);Sight (UnityEngine.GameObject);Sight (UnityEngine.GameObject);Street_3_2 (UnityEngine.GameObject);TrafficBarup (UnityEngine.GameObject);Plane (5) (UnityEngine.GameObject),  
4/24/2019 17:04,427.39,2.009215,449.2732,ontriggerstay (2),427.473,2.002899,448.6559,-0.004551198,-0.06768902,-0.007829322,0.9976654,car interaction (UnityEngine.GameObject);Default_CC_Base_Head_Default (1) (UnityEngine.GameObject);Camera (UnityEngine.GameObject);Sight (UnityEngine.GameObject);Sight (UnityEngine.GameObject);Sight (UnityEngine.GameObject);Sight (UnityEngine.GameObject);Sight (UnityEngine.GameObject);Sight (UnityEngine.GameObject);Sight (UnityEngine.GameObject);Sight (UnityEngine.GameObject);Sight (UnityEngine.GameObject);Sight (UnityEngine.GameObject);Sight (UnityEngine.GameObject);Sight (UnityEngine.GameObject),  
4/24/2019 17:04,431.1308,0.09975939,463.5866,Street_3_3,428.3341,1.982334,448.7112,0.05597265,0.09639637,-0.06341056,0.9917428,car interaction (UnityEngine.GameObject);Default_CC_Base_Head_Default (1) (UnityEngine.GameObject);Camera (UnityEngine.GameObject);Sight (UnityEngine.GameObject);Sight (UnityEngine.GameObject);Sight (UnityEngine.GameObject);Sight (UnityEngine.GameObject);Sight (UnityEngine.GameObject);Sight (UnityEngine.GameObject);Sight (UnityEngine.GameObject);Sight (UnityEngine.GameObject);Sight (UnityEngine.GameObject);Sight (UnityEngine.GameObject),  
4/24/2019 17:04,428.353,0.8930987,459.0798,TrafficBarup,427.5068,1.990446,448.8239,0.05191909,0.04110769,-0.0311111,0.9973198,car interaction (UnityEngine.GameObject);Default_CC_Base_Head_Default (1) (UnityEngine.GameObject);Camera (UnityEngine.GameObject);Sight (UnityEngine.GameObject);Sight (UnityEngine.GameObject);Sight (UnityEngine.GameObject);Sight (UnityEngine.GameObject);Sight (UnityEngine.GameObject);Sight (UnityEngine.GameObject);Sight (UnityEngine.GameObject);Sight (UnityEngine.GameObject);Sight (UnityEngine.GameObject);Sight (UnityEngine.GameObject),  
4/24/2019 17:04,430.6504,-7.309649,472.5815,FuseModel (3),428.4828,-5.957334,449.2932,0.02681217,0.04735145,-0.04518536,0.9974955,car interaction (UnityEngine.GameObject);Default_CC_Base_Head_Default (1) (UnityEngine.GameObject);Camera (UnityEngine.GameObject);Sight (UnityEngine.GameObject);Sight (UnityEngine.GameObject);Sight (UnityEngine.GameObject);Default_CC_Base_Head_Default (UnityEngine.GameObject);InteractionRange (UnityEngine.GameObject);male (UnityEngine.GameObject);Sight (UnityEngine.GameObject);Sight (UnityEngine.GameObject);Sight (UnityEngine.GameObject);Sight (UnityEngine.GameObject);Sight (UnityEngine.GameObject);Sight (UnityEngine.GameObject);Sight (UnityEngine.GameObject),HitByCar
4/24/2019 17:04,431.5484,0.09975947,483.6412,Street_3_3,427.5913,1.99124,450.2789,0.02710404,0.0587963,-0.01859923,0.9977287,car interaction (UnityEngine.GameObject);Default_CC_Base_Head_Default (1) (UnityEngine.GameObject);Camera (UnityEngine.GameObject);Sight (UnityEngine.GameObject);Sight (UnityEngine.GameObject);InteractionRange (UnityEngine.GameObject);Default_CC_Base_Head_Default (UnityEngine.GameObject);Sight (UnityEngine.GameObject);male (UnityEngine.GameObject);Sight (UnityEngine.GameObject);Sight (UnityEngine.GameObject);Sight (UnityEngine.GameObject);Sight (UnityEngine.GameObject),  
4/24/2019 17:04,427.4025,0.1999817,473.2363,Plane (5),428.7131,1.998693,450.6167,0.04051917,-0.02857444,-0.03231641,0.9982472,car interaction (UnityEngine.GameObject);Default_CC_Base_Head_Default (1) (UnityEngine.GameObject);Camera (UnityEngine.GameObject);Sight (UnityEngine.GameObject);Sight (UnityEngine.GameObject);Default_CC_Base_Head_Default (UnityEngine.GameObject);InteractionRange (UnityEngine.GameObject);male (UnityEngine.GameObject);Sight (UnityEngine.GameObject);Sight (UnityEngine.GameObject);Sight (UnityEngine.GameObject);Sight (UnityEngine.GameObject);Sight (UnityEngine.GameObject);Sight (UnityEngine.GameObject),  
4/24/2019 17:04,427.3206,0.1999817,463.027,Plane (5),427.7477,1.974642,451.4035,0.07569972,-0.01982787,-0.001483305,0.9969324,car interaction (UnityEngine.GameObject);Default_CC_Base_Head_Default (1) (UnityEngine.GameObject);Camera (UnityEngine.GameObject);Sight (UnityEngine.GameObject);Sight (UnityEngine.GameObject);male (UnityEngine.GameObject);Sight (UnityEngine.GameObject);Sight (UnityEngine.GameObject);Sight (UnityEngine.GameObject);Sight (UnityEngine.GameObject);Sight (UnityEngine.GameObject);Sight (UnityEngine.GameObject),  
4/24/2019 17:04,431.5214,0.09975943,474.8362,Street_3_3,428.272,1.988824,451.7194,0.03612376,0.07247325,-0.06023834,0.994894,car interaction (UnityEngine.GameObject);Default_CC_Base_Head_Default (1) (UnityEngine.GameObject);Camera (UnityEngine.GameObject);Sight (UnityEngine.GameObject);Default_CC_Base_Head_Default (UnityEngine.GameObject);InteractionRange (UnityEngine.GameObject);male (UnityEngine.GameObject);Sight (UnityEngine.GameObject);Sight (UnityEngine.GameObject);FuseModel (10) (UnityEngine.GameObject);Sight (UnityEngine.GameObject);Sight (UnityEngine.GameObject);Sight (UnityEngine.GameObject);Sight (UnityEngine.GameObject),  
4/24/2019 17:04,429.2514,-9.190692,461.602,male,429.3514,-7.93326,452.1178,0.06596145,-0.000599831,-0.06488808,0.99571,car interaction (UnityEngine.GameObject);Default_CC_Base_Head_Default (1) (UnityEngine.GameObject);Camera (UnityEngine.GameObject);Sight (UnityEngine.GameObject);male (UnityEngine.GameObject);Sight (UnityEngine.GameObject);FuseModel (10) (UnityEngine.GameObject);Sight (UnityEngine.GameObject);Sight (UnityEngine.GameObject);Sight (UnityEngine.GameObject);Sight (UnityEngine.GameObject);Sight (UnityEngine.GameObject);Sight (UnityEngine.GameObject),  
4/24/2019 17:04,428.7026,3.21E-07,473.1523,Street_3_2,428.5461,1.99051,452.2132,0.04718473,0.006307416,-0.02529647,0.9985459,car interaction (UnityEngine.GameObject);Default_CC_Base_Head_Default (1) (UnityEngine.GameObject);Camera (UnityEngine.GameObject);Sight (UnityEngine.GameObject);Default_CC_Base_Head_Default (UnityEngine.GameObject);InteractionRange (UnityEngine.GameObject);male (UnityEngine.GameObject);Sight (UnityEngine.GameObject);InteractionRange (UnityEngine.GameObject);FuseModel (10) (UnityEngine.GameObject);Sight (UnityEngine.GameObject);Sight (UnityEngine.GameObject);Sight (UnityEngine.GameObject);Sight (UnityEngine.GameObject);Sight (UnityEngine.GameObject);Sight (UnityEngine.GameObject);Sight (UnityEngine.GameObject),  
4/24/2019 17:04,428.125,1.791359,453.7324,Range rover,428.4048,1.986421,452.2359,0.06628126,-0.09023847,-0.02392109,0.9934242,car interaction (UnityEngine.GameObject);Default_CC_Base_Head_Default (1) (UnityEngine.GameObject);Camera (UnityEngine.GameObject);Sight (UnityEngine.GameObject);Default_CC_Base_Head_Default (UnityEngine.GameObject);InteractionRange (UnityEngine.GameObject);male (UnityEngine.GameObject);Sight (UnityEngine.GameObject);Sight (UnityEngine.GameObject);Sight (UnityEngine.GameObject);Sight (UnityEngine.GameObject);Sight (UnityEngine.GameObject);Sight (UnityEngine.GameObject);Sight (UnityEngine.GameObject);Sight (UnityEngine.GameObject);Sight (UnityEngine.GameObject),  
4/24/2019 17:04,427.5061,1.589041,454.9079,Range rover,428.3856,1.985254,452.2406,0.07480233,-0.1568024,-0.02335027,0.9845163,car interaction (UnityEngine.GameObject);Default_CC_Base_Head_Default (1) (UnityEngine.GameObject);Camera (UnityEngine.GameObject);Sight (UnityEngine.GameObject);Default_CC_Base_Head_Default (UnityEngine.GameObject);InteractionRange (UnityEngine.GameObject);male (UnityEngine.GameObject);Sight (UnityEngine.GameObject);Sight (UnityEngine.GameObject);Sight (UnityEngine.GameObject);Sight (UnityEngine.GameObject);Sight (UnityEngine.GameObject);Sight (UnityEngine.GameObject);Sight (UnityEngine.GameObject);Sight (UnityEngine.GameObject);Sight (UnityEngine.GameObject);Sight (UnityEngine.GameObject);Sight (UnityEngine.GameObject);Sight (UnityEngine.GameObject),  
4/24/2019 17:04,428.125,1.690163,454.6215,Range rover (26),428.5923,1.988847,452.1915,0.06349906,-0.09276201,-0.03314123,0.9931086,car interaction (UnityEngine.GameObject);Default_CC_Base_Head_Default (1) (UnityEngine.GameObject);Camera (UnityEngine.GameObject);Sight (UnityEngine.GameObject);Default_CC_Base_Head_Default (UnityEngine.GameObject);InteractionRange (UnityEngine.GameObject);male (UnityEngine.GameObject);Sight (UnityEngine.GameObject);Sight (UnityEngine.GameObject);Sight (UnityEngine.GameObject);Sight (UnityEngine.GameObject);Sight (UnityEngine.GameObject);Sight (UnityEngine.GameObject);Sight (UnityEngine.GameObject);Sight (UnityEngine.GameObject);Sight (UnityEngine.GameObject);Sight (UnityEngine.GameObject),  
4/24/2019 17:04,427.7383,1.415447,455.8373,Range rover (26),428.5551,1.985132,452.2061,0.07938244,-0.1053871,-0.02941194,0.9908214,car interaction (UnityEngine.GameObject);Default_CC_Base_Head_Default (1) (UnityEngine.GameObject);Camera (UnityEngine.GameObject);Sight (UnityEngine.GameObject);Default_CC_Base_Head_Default (UnityEngine.GameObject);InteractionRange (UnityEngine.GameObject);male (UnityEngine.GameObject);Sight (UnityEngine.GameObject);Sight (UnityEngine.GameObject);Sight (UnityEngine.GameObject);Sight (UnityEngine.GameObject);Sight (UnityEngine.GameObject);Sight (UnityEngine.GameObject);Sight (UnityEngine.GameObject);Sight (UnityEngine.GameObject);Sight (UnityEngine.GameObject);Sight (UnityEngine.GameObject);Sight (UnityEngine.GameObject),  
4/24/2019 17:04,428.1248,1.728953,454.1135,Range rover (34),428.5968,1.987343,452.2023,0.0696874,-0.1180351,-0.03263794,0.9900233,car interaction (UnityEngine.GameObject);Default_CC_Base_Head_Default (1) (UnityEngine.GameObject);Camera (UnityEngine.GameObject);Sight (UnityEngine.GameObject);Sight (UnityEngine.GameObject);Sight (UnityEngine.GameObject);Sight (UnityEngine.GameObject);Sight (UnityEngine.GameObject);Sight (UnityEngine.GameObject);Sight (UnityEngine.GameObject);Sight (UnityEngine.GameObject);Sight (UnityEngine.GameObject);Sight (UnityEngine.GameObject),  
4/24/2019 17:04,427.5117,1.380998,456.9763,Range rover (34),428.6229,1.988152,452.2337,0.06629556,-0.1115332,-0.03375937,0.990972,car interaction (UnityEngine.GameObject);Default_CC_Base_Head_Default (1) (UnityEngine.GameObject);Camera (UnityEngine.GameObject);Sight (UnityEngine.GameObject);Sight (UnityEngine.GameObject);Sight (UnityEngine.GameObject);Sight (UnityEngine.GameObject);Sight (UnityEngine.GameObject);Sight (UnityEngine.GameObject);Sight (UnityEngine.GameObject);Sight (UnityEngine.GameObject);Sight (UnityEngine.GameObject);Sight (UnityEngine.GameObject),  
4/24/2019 17:04,426.7944,0.6346698,459.774,Cube,428.5936,1.978034,452.375,0.09129383,-0.1147251,-0.02919005,0.9887626,car interaction (UnityEngine.GameObject);Default_CC_Base_Head_Default (1) (UnityEngine.GameObject);Camera (UnityEngine.GameObject);Sight (UnityEngine.GameObject);Sight (UnityEngine.GameObject);Sight (UnityEngine.GameObject);Sight (UnityEngine.GameObject);Sight (UnityEngine.GameObject);Sight (UnityEngine.GameObject);Sight (UnityEngine.GameObject);Sight (UnityEngine.GameObject),  
4/24/2019 17:04,427.9768,1.593576,454.1976,Range rover (27),428.5151,1.975005,452.3334,0.1009526,-0.1354703,-0.02276684,0.9853619,car interaction (UnityEngine.GameObject);Default_CC_Base_Head_Default (1) (UnityEngine.GameObject);Camera (UnityEngine.GameObject);Sight (UnityEngine.GameObject);Sight (UnityEngine.GameObject);Sight (UnityEngine.GameObject);Sight (UnityEngine.GameObject);Sight (UnityEngine.GameObject);Sight (UnityEngine.GameObject);Sight (UnityEngine.GameObject);Sight (UnityEngine.GameObject),  
4/24/2019 17:04,427.6035,1.298013,455.6372,Cube,428.5389,1.977861,452.2065,0.09808367,-0.1286425,-0.02250057,0.9865721,car interaction (UnityEngine.GameObject);Default_CC_Base_Head_Default (1) (UnityEngine.GameObject);Camera (UnityEngine.GameObject);Sight (UnityEngine.GameObject);Sight (UnityEngine.GameObject);Sight (UnityEngine.GameObject);Sight (UnityEngine.GameObject);Sight (UnityEngine.GameObject);Sight (UnityEngine.GameObject);Sight (UnityEngine.GameObject);Sight (UnityEngine.GameObject),  
4/24/2019 17:04,426.2966,0.1999817,460.7347,Plane (5),428.5302,1.97681,452.1302,0.1023443,-0.122981,-0.02526787,0.9867942,car interaction (UnityEngine.GameObject);Default_CC_Base_Head_Default (1) (UnityEngine.GameObject);Camera (UnityEngine.GameObject);Sight (UnityEngine.GameObject);Sight (UnityEngine.GameObject);Sight (UnityEngine.GameObject);Sight (UnityEngine.GameObject);Sight (UnityEngine.GameObject);Sight (UnityEngine.GameObject);Sight (UnityEngine.GameObject),  
4/24/2019 17:04,427.9962,1.518231,454.2155,Range rover (33),428.5106,1.974697,452.1604,0.1094828,-0.117688,-0.02473622,0.986687,car interaction (UnityEngine.GameObject);Default_CC_Base_Head_Default (1) (UnityEngine.GameObject);Camera (UnityEngine.GameObject);Sight (UnityEngine.GameObject);Sight (UnityEngine.GameObject);Sight (UnityEngine.GameObject);Sight (UnityEngine.GameObject);Sight (UnityEngine.GameObject);Sight (UnityEngine.GameObject);Sight (UnityEngine.GameObject),  
4/24/2019 17:04,427.7676,1.298013,455.4167,Cube,428.5475,1.975911,452.2419,0.1058556,-0.115843,-0.02669643,0.9872499,car interaction (UnityEngine.GameObject);Default_CC_Base_Head_Default (1) (UnityEngine.GameObject);Camera (UnityEngine.GameObject);Sight (UnityEngine.GameObject);Sight (UnityEngine.GameObject);Sight (UnityEngine.GameObject);Sight (UnityEngine.GameObject);Sight (UnityEngine.GameObject),  
4/24/2019 17:04,426.8006,0.5756278,459.0798,TrafficBarup,428.5424,1.976956,452.2706,0.1020443,-0.1197488,-0.02391442,0.9872565,car interaction (UnityEngine.GameObject);Default_CC_Base_Head_Default (1) (UnityEngine.GameObject);Camera (UnityEngine.GameObject);Sight (UnityEngine.GameObject);Sight (UnityEngine.GameObject);Sight (UnityEngine.GameObject);Sight (UnityEngine.GameObject);Sight (UnityEngine.GameObject);Sight (UnityEngine.GameObject),  
4/24/2019 17:04,427.1982,0.7674879,459.0798,TrafficBarup,428.5562,1.980598,452.2063,0.08836765,-0.09406637,-0.02511908,0.9913182,car interaction (UnityEngine.GameObject);Default_CC_Base_Head_Default (1) (UnityEngine.GameObject);Camera (UnityEngine.GameObject);Sight (UnityEngine.GameObject);Sight (UnityEngine.GameObject);Sight (UnityEngine.GameObject);Sight (UnityEngine.GameObject);Sight (UnityEngine.GameObject);Sight (UnityEngine.GameObject);Sight (UnityEngine.GameObject),  
4/24/2019 17:04,426.5997,0.6335071,459.0798,TrafficBarup,428.4556,1.978617,452.1826,0.09595983,-0.1280816,-0.0171124,0.986962,car interaction (UnityEngine.GameObject);Default_CC_Base_Head_Default (1) (UnityEngine.GameObject);Camera (UnityEngine.GameObject);Sight (UnityEngine.GameObject);Sight (UnityEngine.GameObject);Sight (UnityEngine.GameObject);Sight (UnityEngine.GameObject);Sight (UnityEngine.GameObject),  
4/24/2019 17:04,426.0456,0.6245021,459.0798,TrafficBarup,428.378,1.979107,452.1776,0.09489501,-0.1591668,-0.01104862,0.9826183,car interaction (UnityEngine.GameObject);Default_CC_Base_Head_Default (1) (UnityEngine.GameObject);Camera (UnityEngine.GameObject);Sight (UnityEngine.GameObject);Sight (UnityEngine.GameObject);Sight (UnityEngine.GameObject),  
4/24/2019 17:04,426.8695,0.6308392,459.0798,TrafficBarup,428.4231,1.97767,452.2365,0.09634992,-0.107794,-0.008091356,0.9894603,car interaction (UnityEngine.GameObject);Default_CC_Base_Head_Default (1) (UnityEngine.GameObject);Camera (UnityEngine.GameObject);Sight (UnityEngine.GameObject);Sight (UnityEngine.GameObject);FuseModel (8) (UnityEngine.GameObject);Sight (UnityEngine.GameObject);Sight (UnityEngine.GameObject);Sight (UnityEngine.GameObject);Sight (UnityEngine.GameObject),  
4/24/2019 17:04,427.1605,0.7220292,459.0798,TrafficBarup,428.4367,1.978948,452.2753,0.09077764,-0.09230557,-0.008835874,0.9915448,car interaction (UnityEngine.GameObject);Default_CC_Base_Head_Default (1) (UnityEngine.GameObject);Camera (UnityEngine.GameObject);Sight (UnityEngine.GameObject);Sight (UnityEngine.GameObject);FuseModel (8) (UnityEngine.GameObject);Sight (UnityEngine.GameObject);FuseModel (3) (UnityEngine.GameObject);Sight (UnityEngine.GameObject);Sight (UnityEngine.GameObject);Sight (UnityEngine.GameObject),  
4/24/2019 17:04,427.2358,0.6343966,459.0798,TrafficBarup,428.4674,1.977148,452.3294,0.09764352,-0.08748627,-0.008867566,0.9913291,car interaction (UnityEngine.GameObject);Default_CC_Base_Head_Default (1) (UnityEngine.GameObject);Camera (UnityEngine.GameObject);Sight (UnityEngine.GameObject);Sight (UnityEngine.GameObject);FuseModel (8) (UnityEngine.GameObject);Sight (UnityEngine.GameObject);Sight (UnityEngine.GameObject);Sight (UnityEngine.GameObject);Sight (UnityEngine.GameObject),  
4/24/2019 17:04,427.6453,0.6107582,459.0798,TrafficBarup,428.5445,1.978507,452.2407,0.09965833,-0.06105304,-0.02746686,0.992767,car interaction (UnityEngine.GameObject);Default_CC_Base_Head_Default (1) (UnityEngine.GameObject);Camera (UnityEngine.GameObject);Sight (UnityEngine.GameObject);Sight (UnityEngine.GameObject);FuseModel (8) (UnityEngine.GameObject);Sight (UnityEngine.GameObject);Sight (UnityEngine.GameObject);Sight (UnityEngine.GameObject);Sight (UnityEngine.GameObject),  
4/24/2019 17:04,427.9777,0.6100515,459.0798,TrafficBarup,428.498,1.979087,452.2114,0.09925319,-0.03464298,-0.03105744,0.9939739,car interaction (UnityEngine.GameObject);Default_CC_Base_Head_Default (1) (UnityEngine.GameObject);Camera (UnityEngine.GameObject);Sight (UnityEngine.GameObject);Sight (UnityEngine.GameObject);Sight (UnityEngine.GameObject);Sight (UnityEngine.GameObject),  
4/24/2019 17:04,428.2979,0.6156961,459.0798,TrafficBarup,428.5522,1.97833,452.3051,0.09946861,-0.01661376,-0.02616903,0.9945578,car interaction (UnityEngine.GameObject);Default_CC_Base_Head_Default (1) (UnityEngine.GameObject);Camera (UnityEngine.GameObject);Sight (UnityEngine.GameObject);FuseModel (8) (UnityEngine.GameObject);Sight (UnityEngine.GameObject);Sight (UnityEngine.GameObject);Sight (UnityEngine.GameObject);Sight (UnityEngine.GameObject),  
4/24/2019 17:04,427.7954,0.5180302,459.0798,TrafficBarup,428.5603,1.974823,452.3397,0.1068916,-0.05280126,-0.02440846,0.9925677,car interaction (UnityEngine.GameObject);Default_CC_Base_Head_Default (1) (UnityEngine.GameObject);Camera (UnityEngine.GameObject);Sight (UnityEngine.GameObject);FuseModel (8) (UnityEngine.GameObject);Sight (UnityEngine.GameObject);Sight (UnityEngine.GameObject);Sight (UnityEngine.GameObject);Sight (UnityEngine.GameObject);Sight (UnityEngine.GameObject),  
4/24/2019 17:04,428.0383,0.6580696,459.0798,TrafficBarup,428.6187,1.976699,452.2397,0.09618253,-0.04074057,-0.0310378,0.9940452,car interaction (UnityEngine.GameObject);Default_CC_Base_Head_Default (1) (UnityEngine.GameObject);Camera (UnityEngine.GameObject);Sight (UnityEngine.GameObject);FuseModel (8) (UnityEngine.GameObject);Sight (UnityEngine.GameObject);Sight (UnityEngine.GameObject);Sight (UnityEngine.GameObject);Sight (UnityEngine.GameObject);Sight (UnityEngine.GameObject),  
4/24/2019 17:04,428.9454,3.10E-07,465.5338,Street_3_2,428.6578,1.983778,452.1732,0.0734871,0.01106834,-0.03116094,0.9967478,car interaction (UnityEngine.GameObject);Default_CC_Base_Head_Default (1) (UnityEngine.GameObject);Camera (UnityEngine.GameObject);Sight (UnityEngine.GameObject);FuseModel (8) (UnityEngine.GameObject);Sight (UnityEngine.GameObject);FuseModel (3) (UnityEngine.GameObject);Sight (UnityEngine.GameObject);Sight (UnityEngine.GameObject);Sight (UnityEngine.GameObject);Sight (UnityEngine.GameObject),  
4/24/2019 17:04,429.2188,0.0997594,463.7394,Street_3_3,428.7564,1.979187,452.2379,0.07936757,0.02520409,-0.05218702,0.9951593,car interaction (UnityEngine.GameObject);Default_CC_Base_Head_Default (1) (UnityEngine.GameObject);Camera (UnityEngine.GameObject);Sight (UnityEngine.GameObject);FuseModel (8) (UnityEngine.GameObject);Sight (UnityEngine.GameObject);FuseModel (3) (UnityEngine.GameObject);Sight (UnityEngine.GameObject);Sight (UnityEngine.GameObject);Sight (UnityEngine.GameObject);Sight (UnityEngine.GameObject),  
4/24/2019 17:05,420.3093,6.58E-07,448.4802,Street_2_2,426.2583,1.963962,452.6796,0.1046203,-0.8758571,0.09354007,0.4617135,car interaction (UnityEngine.GameObject);Default_CC_Base_Head_Default (1) (UnityEngine.GameObject);Camera (UnityEngine.GameObject);Sight (UnityEngine.GameObject);Sight (UnityEngine.GameObject);Sight (UnityEngine.GameObject);Sight (UnityEngine.GameObject);Sight (UnityEngine.GameObject);Sight (UnityEngine.GameObject);Sight (UnityEngine.GameObject);Sight (UnityEngine.GameObject);Sight (UnityEngine.GameObject);Sight (UnityEngine.GameObject);Sight (UnityEngine.GameObject);Sight (UnityEngine.GameObject);Sight (UnityEngine.GameObject),  
4/24/2019 17:05,421.2689,0.009963989,449.2946,Plane,426.3234,1.958118,452.6852,0.1138842,-0.8673238,0.1135617,0.4710453,car interaction (UnityEngine.GameObject);Default_CC_Base_Head_Default (1) (UnityEngine.GameObject);Camera (UnityEngine.GameObject);Sight (UnityEngine.GameObject);Sight (UnityEngine.GameObject);Sight (UnityEngine.GameObject);Sight (UnityEngine.GameObject);Sight (UnityEngine.GameObject);Sight (UnityEngine.GameObject);Sight (UnityEngine.GameObject);Sight (UnityEngine.GameObject);Sight (UnityEngine.GameObject);Sight (UnityEngine.GameObject);Sight (UnityEngine.GameObject);Sight (UnityEngine.GameObject),  
4/24/2019 17:05,425.928,6.58E-07,449.9203,Street_2_2,427.332,1.758494,450.8802,0.130802,0.8245057,-0.47846,-0.2723185,car interaction (UnityEngine.GameObject);Default_CC_Base_Head_Default (1) (UnityEngine.GameObject);Camera (UnityEngine.GameObject);Sight (UnityEngine.GameObject);Sight (UnityEngine.GameObject);Sight (UnityEngine.GameObject);Sight (UnityEngine.GameObject);Sight (UnityEngine.GameObject);Sight (UnityEngine.GameObject);Sight (UnityEngine.GameObject);Sight (UnityEngine.GameObject);Sight (UnityEngine.GameObject);Sight (UnityEngine.GameObject);Sight (UnityEngine.GameObject),  
4/24/2019 17:05,426.1346,6.58E-07,449.7774,Street_2_2,427.3092,1.754518,450.74,0.1199551,0.8324331,-0.4877216,-0.2340802,car interaction (UnityEngine.GameObject);Default_CC_Base_Head_Default (1) (UnityEngine.GameObject);Camera (UnityEngine.GameObject);Sight (UnityEngine.GameObject);Sight (UnityEngine.GameObject);Sight (UnityEngine.GameObject);Sight (UnityEngine.GameObject);Sight (UnityEngine.GameObject);Sight (UnityEngine.GameObject);Sight (UnityEngine.GameObject);Sight (UnityEngine.GameObject);Sight (UnityEngine.GameObject);Sight (UnityEngine.GameObject),  
4/24/2019 17:06,405,0.4329344,475.1955,CSTemplate-SlantedRoofSmall(Clone),426.8891,-16.62672,453.5349,-0.2115267,-0.3844492,-0.141767,0.8873317,car interaction (UnityEngine.GameObject);Default_CC_Base_Head_Default (1) (UnityEngine.GameObject);Camera (UnityEngine.GameObject);Sight (UnityEngine.GameObject);Sight (UnityEngine.GameObject);Sight (UnityEngine.GameObject);Sight (UnityEngine.GameObject);Sight (UnityEngine.GameObject);Sight (UnityEngine.GameObject),  
4/24/2019 17:06,4.570522,-18.84229,551.3618,Street_3_0,426.2465,-5.593438,453.5674,0.01832826,-0.6232287,0.001445924,0.7818235,car interaction (UnityEngine.GameObject);Default_CC_Base_Head_Default (1) (UnityEngine.GameObject);Camera (UnityEngine.GameObject);Sight (UnityEngine.GameObject);Sight (UnityEngine.GameObject);InteractionRange (UnityEngine.GameObject);mixamorig:Head (UnityEngine.GameObject);Sight (UnityEngine.GameObject);Sight (UnityEngine.GameObject);InteractionRange (UnityEngine.GameObject);mixamorig:Head (UnityEngine.GameObject);FuseModel (9) (UnityEngine.GameObject);InteractionRange (UnityEngine.GameObject);Default_CC_Base_Head_Default (UnityEngine.GameObject);FuseModel (6) (UnityEngine.GameObject);male (UnityEngine.GameObject);Sight (UnityEngine.GameObject);mixamorig:Head (UnityEngine.GameObject);InteractionRange (UnityEngine.GameObject);FuseModel (5) (UnityEngine.GameObject);mixamorig:Head (UnityEngine.GameObject);InteractionRange (UnityEngine.GameObject);Sight (UnityEngine.GameObject);FuseModel (1) (UnityEngine.GameObject);Sight (UnityEngine.GameObject);Sight (UnityEngine.GameObject);Default_CC_Base_Head_Default (UnityEngine.GameObject);InteractionRange (UnityEngine.GameObject);mixamorig:Head (UnityEngine.GameObject);InteractionRange (UnityEngine.GameObject);cool (UnityEngine.GameObject);FuseModel (1) (1) (UnityEngine.GameObject);Sight (UnityEngine.GameObject);Sight (UnityEngine.GameObject);Sight (UnityEngine.GameObject);Sight (UnityEngine.GameObject);Sight (UnityEngine.GameObject),  
4/24/2019 17:06,418.46,1.284566,451.5452,RedLightTarget (4),426.4083,1.994136,453.535,0.04384581,-0.7873294,0.02071676,0.6146225,car interaction (UnityEngine.GameObject);Default_CC_Base_Head_Default (1) (UnityEngine.GameObject);Camera (UnityEngine.GameObject);Sight (UnityEngine.GameObject);Sight (UnityEngine.GameObject);InteractionRange (UnityEngine.GameObject);InteractionRange (UnityEngine.GameObject);Sight (UnityEngine.GameObject);FuseModel (9) (UnityEngine.GameObject);Default_CC_Base_Head_Default (UnityEngine.GameObject);InteractionRange (UnityEngine.GameObject);FuseModel (6) (UnityEngine.GameObject);male (UnityEngine.GameObject);Sight (UnityEngine.GameObject);Sight (UnityEngine.GameObject);Sight (UnityEngine.GameObject);Sight (UnityEngine.GameObject);cool (UnityEngine.GameObject);InteractionRange (UnityEngine.GameObject);InteractionRange (UnityEngine.GameObject);FuseModel (1) (UnityEngine.GameObject);FuseModel (1) (1) (UnityEngine.GameObject);Sight (UnityEngine.GameObject);Sight (UnityEngine.GameObject);InteractionRange (UnityEngine.GameObject);FuseModel (10) (UnityEngine.GameObject);Sight (UnityEngine.GameObject);Sight (UnityEngine.GameObject);Sight (UnityEngine.GameObject);Sight (UnityEngine.GameObject),  
4/24/2019 17:06,418.46,1.246134,451.4789,RedLightTarget (4),426.3338,1.996364,453.5389,0.04412207,-0.7903668,0.02408023,0.6105683,car interaction (UnityEngine.GameObject);Default_CC_Base_Head_Default (1) (UnityEngine.GameObject);Camera (UnityEngine.GameObject);Sight (UnityEngine.GameObject);Sight (UnityEngine.GameObject);Sight (UnityEngine.GameObject);cool (UnityEngine.GameObject);InteractionRange (UnityEngine.GameObject);Sight (UnityEngine.GameObject);FuseModel (9) (UnityEngine.GameObject);InteractionRange (UnityEngine.GameObject);InteractionRange (UnityEngine.GameObject);FuseModel (6) (UnityEngine.GameObject);Sight (UnityEngine.GameObject);Sight (UnityEngine.GameObject);FuseModel (1) (1) (UnityEngine.GameObject);male (UnityEngine.GameObject);Sight (UnityEngine.GameObject);InteractionRange (UnityEngine.GameObject);FuseModel (10) (UnityEngine.GameObject);Sight (UnityEngine.GameObject);Sight (UnityEngine.GameObject);Sight (UnityEngine.GameObject);Sight (UnityEngine.GameObject);Sight (UnityEngine.GameObject);Sight (UnityEngine.GameObject);Sight (UnityEngine.GameObject),  
4/24/2019 17:06,416.4836,-27.04151,451.4374,cool,426.2798,-25.91311,453.515,0.05109311,-0.7756032,0.03083153,0.6283937,car interaction (UnityEngine.GameObject);Default_CC_Base_Head_Default (1) (UnityEngine.GameObject);Camera (UnityEngine.GameObject);Sight (UnityEngine.GameObject);cool (UnityEngine.GameObject);Sight (UnityEngine.GameObject);Sight (UnityEngine.GameObject);FuseModel (9) (UnityEngine.GameObject);FuseModel (1) (1) (UnityEngine.GameObject);Sight (UnityEngine.GameObject);Sight (UnityEngine.GameObject);FuseModel (6) (UnityEngine.GameObject);Sight (UnityEngine.GameObject);male (UnityEngine.GameObject);FuseModel (5) (UnityEngine.GameObject);FuseModel (10) (UnityEngine.GameObject);Sight (UnityEngine.GameObject);Sight (UnityEngine.GameObject);Sight (UnityEngine.GameObject);Sight (UnityEngine.GameObject);Sight (UnityEngine.GameObject);Sight (UnityEngine.GameObject),  
4/24/2019 17:06,417.9667,-15.11044,451.3326,cool,426.2419,-14.20606,453.414,0.04931409,-0.7863891,0.02868226,0.6150916,car interaction (UnityEngine.GameObject);Default_CC_Base_Head_Default (1) (UnityEngine.GameObject);Camera (UnityEngine.GameObject);Sight (UnityEngine.GameObject);cool (UnityEngine.GameObject);Sight (UnityEngine.GameObject);InteractionRange (UnityEngine.GameObject);Sight (UnityEngine.GameObject);FuseModel (9) (UnityEngine.GameObject);Sight (UnityEngine.GameObject);FuseModel (6) (UnityEngine.GameObject);FuseModel (1) (1) (UnityEngine.GameObject);Sight (UnityEngine.GameObject);Sight (UnityEngine.GameObject);FuseModel (10) (UnityEngine.GameObject);male (UnityEngine.GameObject);Sight (UnityEngine.GameObject);cool (UnityEngine.GameObject);Sight (UnityEngine.GameObject);Sight (UnityEngine.GameObject);Sight (UnityEngine.GameObject);Sight (UnityEngine.GameObject);Sight (UnityEngine.GameObject);Sight (UnityEngine.GameObject),  
4/24/2019 17:06,417.165,0.5608089,451.6296,Cube (2),426.244,1.98699,453.4404,0.07210769,-0.7687972,0.03946034,0.6341878,car interaction (UnityEngine.GameObject);Default_CC_Base_Head_Default (1) (UnityEngine.GameObject);Camera (UnityEngine.GameObject);Sight (UnityEngine.GameObject);cool (UnityEngine.GameObject);Sight (UnityEngine.GameObject);Sight (UnityEngine.GameObject);FuseModel (9) (UnityEngine.GameObject);FuseModel (6) (UnityEngine.GameObject);Sight (UnityEngine.GameObject);FuseModel (10) (UnityEngine.GameObject);FuseModel (5) (UnityEngine.GameObject);FuseModel (1) (1) (UnityEngine.GameObject);male (UnityEngine.GameObject);Sight (UnityEngine.GameObject);cool (UnityEngine.GameObject);Sight (UnityEngine.GameObject);Sight (UnityEngine.GameObject);Sight (UnityEngine.GameObject);Sight (UnityEngine.GameObject);Sight (UnityEngine.GameObject);Sight (UnityEngine.GameObject),  
4/24/2019 17:06,414.8282,-24.98533,451.6006,cool,426.2745,-23.11121,453.4382,0.06263022,-0.7577382,0.05184558,0.6474738,car interaction (UnityEngine.GameObject);Default_CC_Base_Head_Default (1) (UnityEngine.GameObject);Camera (UnityEngine.GameObject);Sight (UnityEngine.GameObject);InteractionRange (UnityEngine.GameObject);cool (UnityEngine.GameObject);Sight (UnityEngine.GameObject);Sight (UnityEngine.GameObject);FuseModel (9) (UnityEngine.GameObject);FuseModel (6) (UnityEngine.GameObject);Sight (UnityEngine.GameObject);cool (UnityEngine.GameObject);FuseModel (5) (UnityEngine.GameObject);FuseModel (10) (UnityEngine.GameObject);FuseModel (1) (1) (UnityEngine.GameObject);male (UnityEngine.GameObject);Sight (UnityEngine.GameObject);Sight (UnityEngine.GameObject);Sight (UnityEngine.GameObject);Sight (UnityEngine.GameObject);Sight (UnityEngine.GameObject);Sight (UnityEngine.GameObject),  
4/24/2019 17:06,424.885,1.776688,453.1683,up,426.2481,1.987666,453.3799,0.06238799,-0.7564124,0.04626325,0.6494673,car interaction (UnityEngine.GameObject);Default_CC_Base_Head_Default (1) (UnityEngine.GameObject);Camera (UnityEngine.GameObject);InteractionRange (UnityEngine.GameObject);Default_CC_Base_Head_Default (UnityEngine.GameObject);Sight (UnityEngine.GameObject);cool (UnityEngine.GameObject);Sight (UnityEngine.GameObject);cool (UnityEngine.GameObject);Sight (UnityEngine.GameObject);FuseModel (6) (UnityEngine.GameObject);Sight (UnityEngine.GameObject);FuseModel (9) (UnityEngine.GameObject);FuseModel (5) (UnityEngine.GameObject);FuseModel (10) (UnityEngine.GameObject);FuseModel (1) (1) (UnityEngine.GameObject);male (UnityEngine.GameObject);Sight (UnityEngine.GameObject);Sight (UnityEngine.GameObject);Sight (UnityEngine.GameObject);Sight (UnityEngine.GameObject);Sight (UnityEngine.GameObject),  
4/24/2019 17:06,424.885,1.736379,452.7972,up,426.2231,1.985839,453.2741,0.07611366,-0.8119065,0.05260424,0.576409,car interaction (UnityEngine.GameObject);Default_CC_Base_Head_Default (1) (UnityEngine.GameObject);Camera (UnityEngine.GameObject);Default_CC_Base_Head_Default (UnityEngine.GameObject);InteractionRange (UnityEngine.GameObject);Sight (UnityEngine.GameObject);cool (UnityEngine.GameObject);Sight (UnityEngine.GameObject);cool (UnityEngine.GameObject);Sight (UnityEngine.GameObject);FuseModel (6) (UnityEngine.GameObject);Sight (UnityEngine.GameObject);FuseModel (5) (UnityEngine.GameObject);FuseModel (9) (UnityEngine.GameObject);Sight (UnityEngine.GameObject);Sight (UnityEngine.GameObject);Sight (UnityEngine.GameObject);Sight (UnityEngine.GameObject);Sight (UnityEngine.GameObject),  
4/24/2019 17:06,424.885,1.692172,453.1273,up,426.2104,1.980914,453.3565,0.08563785,-0.7592368,0.06606577,0.641764,car interaction (UnityEngine.GameObject);Default_CC_Base_Head_Default (1) (UnityEngine.GameObject);Camera (UnityEngine.GameObject);Sight (UnityEngine.GameObject);cool (UnityEngine.GameObject);Sight (UnityEngine.GameObject);cool (UnityEngine.GameObject);Sight (UnityEngine.GameObject);Sight (UnityEngine.GameObject);Sight (UnityEngine.GameObject);Sight (UnityEngine.GameObject);Sight (UnityEngine.GameObject);Sight (UnityEngine.GameObject);Sight (UnityEngine.GameObject),  
4/24/2019 17:06,424.885,1.655288,453.2179,up,426.2208,1.977685,453.3563,0.09784546,-0.7354429,0.06970359,0.6668519,car interaction (UnityEngine.GameObject);Default_CC_Base_Head_Default (1) (UnityEngine.GameObject);Camera (UnityEngine.GameObject);Sight (UnityEngine.GameObject);cool (UnityEngine.GameObject);Sight (UnityEngine.GameObject);Sight (UnityEngine.GameObject);Sight (UnityEngine.GameObject);Sight (UnityEngine.GameObject);Sight (UnityEngine.GameObject),  
4/24/2019 17:06,424.885,1.676467,452.6272,up,426.2816,1.982743,453.1726,0.08686928,-0.8194486,0.06237748,0.5630869,car interaction (UnityEngine.GameObject);Default_CC_Base_Head_Default (1) (UnityEngine.GameObject);Camera (UnityEngine.GameObject);Sight (UnityEngine.GameObject);cool (UnityEngine.GameObject);cool (UnityEngine.GameObject);Sight (UnityEngine.GameObject);Sight (UnityEngine.GameObject);Sight (UnityEngine.GameObject);Sight (UnityEngine.GameObject);Sight (UnityEngine.GameObject);Sight (UnityEngine.GameObject);Sight (UnityEngine.GameObject),  
4/24/2019 17:06,424.885,1.696338,452.5415,up,426.3882,1.976608,452.7967,0.07935847,-0.7581138,0.0517216,0.6452059,car interaction (UnityEngine.GameObject);Default_CC_Base_Head_Default (1) (UnityEngine.GameObject);Camera (UnityEngine.GameObject);InteractionRange (UnityEngine.GameObject);Default_CC_Base_Head_Default (UnityEngine.GameObject);Sight (UnityEngine.GameObject);cool (UnityEngine.GameObject);Sight (UnityEngine.GameObject);FuseModel (5) (UnityEngine.GameObject);Sight (UnityEngine.GameObject);FuseModel (6) (UnityEngine.GameObject);Sight (UnityEngine.GameObject);Sight (UnityEngine.GameObject);Sight (UnityEngine.GameObject);Sight (UnityEngine.GameObject);Sight (UnityEngine.GameObject),  
4/24/2019 17:06,424.985,1.731498,452.9197,Range rover (132),426.1747,1.975179,453.0462,0.0901723,-0.737117,0.05350428,0.6675814,car interaction (UnityEngine.GameObject);Default_CC_Base_Head_Default (1) (UnityEngine.GameObject);Camera (UnityEngine.GameObject);Sight (UnityEngine.GameObject);cool (UnityEngine.GameObject);Sight (UnityEngine.GameObject);Sight (UnityEngine.GameObject);Sight (UnityEngine.GameObject);Sight (UnityEngine.GameObject);Sight (UnityEngine.GameObject);Sight (UnityEngine.GameObject),  
4/24/2019 17:06,424.885,1.66483,453.0728,up,426.1511,1.971096,453.183,0.1064865,-0.7285995,0.06246166,0.6737224,car interaction (UnityEngine.GameObject);Default_CC_Base_Head_Default (1) (UnityEngine.GameObject);Camera (UnityEngine.GameObject);cool (UnityEngine.GameObject);Sight (UnityEngine.GameObject);Sight (UnityEngine.GameObject);Sight (UnityEngine.GameObject);Sight (UnityEngine.GameObject);Sight (UnityEngine.GameObject),HitByCar
4/24/2019 17:06,424.885,1.604314,452.7957,up,425.9026,1.949248,452.9206,0.1164097,-0.7376428,0.1122703,0.6555359,car interaction (UnityEngine.GameObject);Default_CC_Base_Head_Default (1) (UnityEngine.GameObject);Camera (UnityEngine.GameObject);cool (UnityEngine.GameObject);Sight (UnityEngine.GameObject);Sight (UnityEngine.GameObject);Sight (UnityEngine.GameObject);Sight (UnityEngine.GameObject);Sight (UnityEngine.GameObject),  
4/24/2019 17:06,424.9645,1.910012,453.7359,Range rover (131),425.3477,1.984032,453.9283,0.08907914,-0.8439487,0.04527873,0.5270343,car interaction (UnityEngine.GameObject);Default_CC_Base_Head_Default (1) (UnityEngine.GameObject);Camera (UnityEngine.GameObject);Sight (UnityEngine.GameObject);FuseModel (1) (1) (UnityEngine.GameObject);Sight (UnityEngine.GameObject);Sight (UnityEngine.GameObject);Sight (UnityEngine.GameObject);Sight (UnityEngine.GameObject),HitByCar
4/24/2019 17:06,421.1552,1.169463,450.8804,Cube,424.8109,1.981961,452.8984,0.05986717,-0.8566405,0.07609377,0.5067474,car interaction (UnityEngine.GameObject);Default_CC_Base_Head_Default (1) (UnityEngine.GameObject);Camera (UnityEngine.GameObject);Sight (UnityEngine.GameObject);FuseModel (1) (1) (UnityEngine.GameObject);Sight (UnityEngine.GameObject);Sight (UnityEngine.GameObject);Sight (UnityEngine.GameObject);Sight (UnityEngine.GameObject),HitByCar
4/24/2019 17:06,412.5178,-28.29272,450.5636,cool,424.2173,-27.80567,454.0388,0.04447841,-0.8006129,-0.008271799,0.5974715,car interaction (UnityEngine.GameObject);Default_CC_Base_Head_Default (1) (UnityEngine.GameObject);Camera (UnityEngine.GameObject);Sight (UnityEngine.GameObject);InteractionRange (UnityEngine.GameObject);InteractionRange (UnityEngine.GameObject);Sight (UnityEngine.GameObject);FuseModel (5) (UnityEngine.GameObject);Sight (UnityEngine.GameObject);InteractionRange (UnityEngine.GameObject);Default_CC_Base_Head_Default (UnityEngine.GameObject);cool (UnityEngine.GameObject);Sight (UnityEngine.GameObject);InteractionRange (UnityEngine.GameObject);FuseModel (6) (UnityEngine.GameObject);Sight (UnityEngine.GameObject);InteractionRange (UnityEngine.GameObject);mixamorig:Head (UnityEngine.GameObject);FuseModel (9) (UnityEngine.GameObject);Sight (UnityEngine.GameObject);Sight (UnityEngine.GameObject);Sight (UnityEngine.GameObject),HitByCar
4/24/2019 17:06,5.608291,-24.97465,524.1914,Street_3_0,423.3033,-13.09306,453.6261,0.03270137,-0.6453609,-0.01703016,0.7629876,car interaction (UnityEngine.GameObject);Default_CC_Base_Head_Default (1) (UnityEngine.GameObject);Camera (UnityEngine.GameObject);Sight (UnityEngine.GameObject);InteractionRange (UnityEngine.GameObject);Sight (UnityEngine.GameObject);mixamorig:Head (UnityEngine.GameObject);FuseModel (5) (UnityEngine.GameObject);Sight (UnityEngine.GameObject);InteractionRange (UnityEngine.GameObject);mixamorig:Head (UnityEngine.GameObject);FuseModel (6) (UnityEngine.GameObject);Sight (UnityEngine.GameObject);InteractionRange (UnityEngine.GameObject);Default_CC_Base_Head_Default (UnityEngine.GameObject);Sight (UnityEngine.GameObject);InteractionRange (UnityEngine.GameObject);mixamorig:Head (UnityEngine.GameObject);FuseModel (9) (UnityEngine.GameObject);Sight (UnityEngine.GameObject);Sight (UnityEngine.GameObject);Sight (UnityEngine.GameObject),  
4/24/2019 17:06,421.48,1.910012,453.9976,Range rover (161),422.1764,1.989916,453.851,0.05640323,-0.6278768,0.01931804,0.776026,car interaction (UnityEngine.GameObject);Default_CC_Base_Head_Default (1) (UnityEngine.GameObject);Camera (UnityEngine.GameObject);Sight (UnityEngine.GameObject);Sight (UnityEngine.GameObject);InteractionRange (UnityEngine.GameObject);FuseModel (1) (1) (UnityEngine.GameObject);FuseModel (5) (UnityEngine.GameObject);Sight (UnityEngine.GameObject);InteractionRange (UnityEngine.GameObject);FuseModel (6) (UnityEngine.GameObject);Sight (UnityEngine.GameObject);InteractionRange (UnityEngine.GameObject);FuseModel (9) (UnityEngine.GameObject);Sight (UnityEngine.GameObject);Sight (UnityEngine.GameObject);Sight (UnityEngine.GameObject),  
4/24/2019 17:06,410.7534,-30.35873,454.573,FuseModel (6),421.0234,-28.92075,454.2669,0.0763571,-0.6932703,0.02106046,0.7163116,car interaction (UnityEngine.GameObject);Default_CC_Base_Head_Default (1) (UnityEngine.GameObject);Camera (UnityEngine.GameObject);InteractionRange (UnityEngine.GameObject);Sight (UnityEngine.GameObject);Sight (UnityEngine.GameObject);FuseModel (5) (UnityEngine.GameObject);Sight (UnityEngine.GameObject);FuseModel (6) (UnityEngine.GameObject);Sight (UnityEngine.GameObject);FuseModel (9) (UnityEngine.GameObject);Sight (UnityEngine.GameObject);cool (UnityEngine.GameObject);Sight (UnityEngine.GameObject);Sight (UnityEngine.GameObject),  
4/24/2019 17:06,412.8127,0.09975936,453.9395,Street_3_2,419.8727,1.977954,453.784,0.0901449,-0.6944733,0.09266306,0.7078095,car interaction (UnityEngine.GameObject);Default_CC_Base_Head_Default (1) (UnityEngine.GameObject);Camera (UnityEngine.GameObject);FuseModel (1) (1) (UnityEngine.GameObject);Sight (UnityEngine.GameObject);FuseModel (5) (UnityEngine.GameObject);Sight (UnityEngine.GameObject);Sight (UnityEngine.GameObject),  
4/24/2019 17:06,408.8098,0.09975936,455.5653,Street_3_2,418.9391,2.001956,455.1379,0.1330331,-0.6788783,-0.005489001,0.7220778,car interaction (UnityEngine.GameObject);Default_CC_Base_Head_Default (1) (UnityEngine.GameObject);Camera (UnityEngine.GameObject);Sight (UnityEngine.GameObject);FuseModel (5) (UnityEngine.GameObject);Sight (UnityEngine.GameObject);InteractionRange (UnityEngine.GameObject);InteractionRange (UnityEngine.GameObject);FuseModel (6) (UnityEngine.GameObject);Sight (UnityEngine.GameObject);Sight (UnityEngine.GameObject);InteractionRange (UnityEngine.GameObject);FuseModel (9) (UnityEngine.GameObject);Sight (UnityEngine.GameObject);Sight (UnityEngine.GameObject);InteractionRange (UnityEngine.GameObject);cool (UnityEngine.GameObject);Sight (UnityEngine.GameObject),  
4/24/2019 17:06,410.761,-9.988832,454.7183,FuseModel (5),418.1873,-8.710401,454.3943,0.06744885,-0.6884704,0.05223005,0.72023,car interaction (UnityEngine.GameObject);Default_CC_Base_Head_Default (1) (UnityEngine.GameObject);Camera (UnityEngine.GameObject);Sight (UnityEngine.GameObject);FuseModel (5) (UnityEngine.GameObject);FuseModel (6) (UnityEngine.GameObject);Sight (UnityEngine.GameObject);FuseModel (1) (1) (UnityEngine.GameObject);FuseModel (9) (UnityEngine.GameObject);Sight (UnityEngine.GameObject),  
4/24/2019 17:06,410.3846,-20.1721,454.6698,FuseModel (5),417.4604,-19.65189,455.3461,0.05144521,-0.739009,0.0023789,0.6717243,car interaction (UnityEngine.GameObject);Default_CC_Base_Head_Default (1) (UnityEngine.GameObject);Camera (UnityEngine.GameObject);Sight (UnityEngine.GameObject);InteractionRange (UnityEngine.GameObject);FuseModel (5) (UnityEngine.GameObject);Sight (UnityEngine.GameObject);InteractionRange (UnityEngine.GameObject);mixamorig:Head (UnityEngine.GameObject);FuseModel (6) (UnityEngine.GameObject);Sight (UnityEngine.GameObject);InteractionRange (UnityEngine.GameObject);mixamorig:Head (UnityEngine.GameObject);FuseModel (9) (UnityEngine.GameObject);Sight (UnityEngine.GameObject);InteractionRange (UnityEngine.GameObject);mixamorig:Head (UnityEngine.GameObject);FuseModel (1) (1) (UnityEngine.GameObject);Sight (UnityEngine.GameObject);Sight (UnityEngine.GameObject);InteractionRange (UnityEngine.GameObject);cool (UnityEngine.GameObject);Sight (UnityEngine.GameObject),  
4/24/2019 17:06,405.2439,0.09975918,451.8984,Street_3_2,416.1572,1.990344,454.3542,0.01915556,-0.7793645,0.09172674,0.6195242,car interaction (UnityEngine.GameObject);Default_CC_Base_Head_Default (1) (UnityEngine.GameObject);Camera (UnityEngine.GameObject);Sight (UnityEngine.GameObject);FuseModel (5) (UnityEngine.GameObject);Sight (UnityEngine.GameObject);InteractionRange (UnityEngine.GameObject);FuseModel (6) (UnityEngine.GameObject);Sight (UnityEngine.GameObject);InteractionRange (UnityEngine.GameObject);FuseModel (9) (UnityEngine.GameObject);Sight (UnityEngine.GameObject);FuseModel (1) (1) (UnityEngine.GameObject);Sight (UnityEngine.GameObject);Sight (UnityEngine.GameObject);cool (UnityEngine.GameObject);Sight (UnityEngine.GameObject);Sight (UnityEngine.GameObject),  
4/24/2019 17:06,405.4762,0.009963989,448.4299,Plane (2),415.5389,1.988104,454.5328,0.0332725,-0.868702,0.07705508,0.4881725,car interaction (UnityEngine.GameObject);Default_CC_Base_Head_Default (1) (UnityEngine.GameObject);Camera (UnityEngine.GameObject);Sight (UnityEngine.GameObject);FuseModel (5) (UnityEngine.GameObject);Sight (UnityEngine.GameObject);InteractionRange (UnityEngine.GameObject);FuseModel (6) (UnityEngine.GameObject);Sight (UnityEngine.GameObject);FuseModel (9) (UnityEngine.GameObject);Sight (UnityEngine.GameObject);FuseModel (1) (1) (UnityEngine.GameObject);Sight (UnityEngine.GameObject);Sight (UnityEngine.GameObject);Sight (UnityEngine.GameObject);Sight (UnityEngine.GameObject);Sight (UnityEngine.GameObject),  
4/24/2019 17:06,403.0019,0.0997591,451.4384,Street_3_2,414.4857,1.98742,453.2878,0.03438021,-0.7603937,0.07627766,0.6440505,car interaction (UnityEngine.GameObject);Default_CC_Base_Head_Default (1) (UnityEngine.GameObject);Camera (UnityEngine.GameObject);Sight (UnityEngine.GameObject);FuseModel (5) (UnityEngine.GameObject);Sight (UnityEngine.GameObject);InteractionRange (UnityEngine.GameObject);FuseModel (6) (UnityEngine.GameObject);Sight (UnityEngine.GameObject);InteractionRange (UnityEngine.GameObject);FuseModel (9) (UnityEngine.GameObject);Sight (UnityEngine.GameObject);FuseModel (1) (1) (UnityEngine.GameObject);Sight (UnityEngine.GameObject);Sight (UnityEngine.GameObject);cool (UnityEngine.GameObject),  
4/24/2019 17:06,402.0382,-38.81434,452.4272,cool,412.9602,-37.65704,453.1361,0.05215342,-0.7276701,0.02349353,0.6835382,car interaction (UnityEngine.GameObject);Default_CC_Base_Head_Default (1) (UnityEngine.GameObject);Camera (UnityEngine.GameObject);InteractionRange (UnityEngine.GameObject);Sight (UnityEngine.GameObject);FuseModel (5) (UnityEngine.GameObject);InteractionRange (UnityEngine.GameObject);mixamorig:Head (UnityEngine.GameObject);Sight (UnityEngine.GameObject);FuseModel (6) (UnityEngine.GameObject);Sight (UnityEngine.GameObject);InteractionRange (UnityEngine.GameObject);mixamorig:Head (UnityEngine.GameObject);FuseModel (9) (UnityEngine.GameObject);Sight (UnityEngine.GameObject);InteractionRange (UnityEngine.GameObject);FuseModel (1) (1) (UnityEngine.GameObject);Sight (UnityEngine.GameObject);Sight (UnityEngine.GameObject);cool (UnityEngine.GameObject);Sight (UnityEngine.GameObject),  
4/24/2019 17:06,351.9645,0.009963989,447.9811,Plane (2),411.9865,1.995641,452.6519,0.01336235,-0.7337245,0.01011253,0.6792403,car interaction (UnityEngine.GameObject);Default_CC_Base_Head_Default (1) (UnityEngine.GameObject);Camera (UnityEngine.GameObject);InteractionRange (UnityEngine.GameObject);mixamorig:Head (UnityEngine.GameObject);Sight (UnityEngine.GameObject);InteractionRange (UnityEngine.GameObject);Sight (UnityEngine.GameObject);InteractionRange (UnityEngine.GameObject);Sight (UnityEngine.GameObject);Sight (UnityEngine.GameObject);Sight (UnityEngine.GameObject);InteractionRange (UnityEngine.GameObject);mixamorig:Head (UnityEngine.GameObject);FuseModel (1) (1) (UnityEngine.GameObject);InteractionRange (UnityEngine.GameObject);Default_CC_Base_Head_Default (UnityEngine.GameObject);Sight (UnityEngine.GameObject);cool (UnityEngine.GameObject);Sight (UnityEngine.GameObject),  
4/24/2019 17:06,371.3164,2.541722,456.0108,CSTemplate-SlantedRoofSmall(Clone),411.1342,1.999282,451.9576,0.02257732,-0.6711091,-0.03503979,0.7401859,car interaction (UnityEngine.GameObject);Default_CC_Base_Head_Default (1) (UnityEngine.GameObject);Camera (UnityEngine.GameObject);InteractionRange (UnityEngine.GameObject);mixamorig:Head (UnityEngine.GameObject);Sight (UnityEngine.GameObject);InteractionRange (UnityEngine.GameObject);mixamorig:Head (UnityEngine.GameObject);Sight (UnityEngine.GameObject);InteractionRange (UnityEngine.GameObject);Sight (UnityEngine.GameObject);Sight (UnityEngine.GameObject);Sight (UnityEngine.GameObject);Default_CC_Base_Head_Default (UnityEngine.GameObject);InteractionRange (UnityEngine.GameObject);Sight (UnityEngine.GameObject);Sight (UnityEngine.GameObject);Sight (UnityEngine.GameObject);Sight (UnityEngine.GameObject),  
4/24/2019 17:06,400.4908,1.313382,452.752,Cube (2),409.4595,1.987932,452.2473,0.07318095,-0.683019,-0.02309094,0.7263584,car interaction (UnityEngine.GameObject);Default_CC_Base_Head_Default (1) (UnityEngine.GameObject);Camera (UnityEngine.GameObject);InteractionRange (UnityEngine.GameObject);mixamorig:Head (UnityEngine.GameObject);Sight (UnityEngine.GameObject);FuseModel (5) (UnityEngine.GameObject);InteractionRange (UnityEngine.GameObject);mixamorig:Head (UnityEngine.GameObject);Sight (UnityEngine.GameObject);FuseModel (6) (UnityEngine.GameObject);InteractionRange (UnityEngine.GameObject);mixamorig:Head (UnityEngine.GameObject);Sight (UnityEngine.GameObject);Sight (UnityEngine.GameObject);FuseModel (9) (UnityEngine.GameObject);Default_CC_Base_Head_Default (UnityEngine.GameObject);InteractionRange (UnityEngine.GameObject);Sight (UnityEngine.GameObject);InteractionRange (UnityEngine.GameObject);mixamorig:Head (UnityEngine.GameObject);FuseModel (1) (1) (UnityEngine.GameObject);Sight (UnityEngine.GameObject);Sight (UnityEngine.GameObject),  
4/24/2019 17:06,386.8513,1.682256,456.0264,CSTemplate-SlantedRoofSmall(Clone),408.3022,1.995663,451.4542,0.02467532,-0.6274828,-0.019042,0.7780064,car interaction (UnityEngine.GameObject);Default_CC_Base_Head_Default (1) (UnityEngine.GameObject);Camera (UnityEngine.GameObject);Sight (UnityEngine.GameObject);Default_CC_Base_Head_Default (UnityEngine.GameObject);InteractionRange (UnityEngine.GameObject);Sight (UnityEngine.GameObject);mixamorig:Head (UnityEngine.GameObject);InteractionRange (UnityEngine.GameObject);Sight (UnityEngine.GameObject);InteractionRange (UnityEngine.GameObject);Sight (UnityEngine.GameObject);Sight (UnityEngine.GameObject);mixamorig:Head (UnityEngine.GameObject);InteractionRange (UnityEngine.GameObject);FuseModel (1) (1) (UnityEngine.GameObject);Sight (UnityEngine.GameObject),  
4/24/2019 17:06,391.8041,2.029322,456.0264,CSTemplate-SlantedRoofSmall(Clone),407.2986,1.99256,452.0222,0.08126342,-0.6075686,-0.1063868,0.7829039,car interaction (UnityEngine.GameObject);Default_CC_Base_Head_Default (1) (UnityEngine.GameObject);Camera (UnityEngine.GameObject);InteractionRange (UnityEngine.GameObject);Sight (UnityEngine.GameObject);mixamorig:Head (UnityEngine.GameObject);InteractionRange (UnityEngine.GameObject);Sight (UnityEngine.GameObject);InteractionRange (UnityEngine.GameObject);mixamorig:Head (UnityEngine.GameObject);Sight (UnityEngine.GameObject);FuseModel (6) (UnityEngine.GameObject);Sight (UnityEngine.GameObject);Sight (UnityEngine.GameObject),  
4/24/2019 17:06,400.4908,1.897866,452.6697,Cube (2),406.6347,1.997759,451.6017,0.04873371,-0.6421211,-0.04572025,0.7636853,car interaction (UnityEngine.GameObject);Default_CC_Base_Head_Default (1) (UnityEngine.GameObject);Camera (UnityEngine.GameObject);Sight (UnityEngine.GameObject);InteractionRange (UnityEngine.GameObject);Sight (UnityEngine.GameObject);mixamorig:Head (UnityEngine.GameObject);InteractionRange (UnityEngine.GameObject);Sight (UnityEngine.GameObject);Sight (UnityEngine.GameObject);InteractionRange (UnityEngine.GameObject),  
4/24/2019 17:06,5.873804,-26.54363,572.1566,Street_3_0,406.5097,-34.67099,451.3293,0.04431755,-0.5958041,-0.07563505,0.7983313,car interaction (UnityEngine.GameObject);Default_CC_Base_Head_Default (1) (UnityEngine.GameObject);Camera (UnityEngine.GameObject);Sight (UnityEngine.GameObject);Sight (UnityEngine.GameObject);InteractionRange (UnityEngine.GameObject);Sight (UnityEngine.GameObject);InteractionRange (UnityEngine.GameObject);Sight (UnityEngine.GameObject),  
4/24/2019 17:06,2.391267,-5.964682,627.4796,Street_4_0,406.6645,-16.52771,451.4013,0.04896392,-0.5461271,-0.09590599,0.8307526,car interaction (UnityEngine.GameObject);Default_CC_Base_Head_Default (1) (UnityEngine.GameObject);Camera (UnityEngine.GameObject);Sight (UnityEngine.GameObject);InteractionRange (UnityEngine.GameObject);InteractionRange (UnityEngine.GameObject);Sight (UnityEngine.GameObject);mixamorig:Head (UnityEngine.GameObject);InteractionRange (UnityEngine.GameObject);Sight (UnityEngine.GameObject);InteractionRange (UnityEngine.GameObject);Sight (UnityEngine.GameObject),  
4/24/2019 17:06,297.0494,-0.3560055,501,CSTemplate-SlantedRoofSmall(Clone),406.7461,-4.240455,451.445,0.05612644,-0.5406438,-0.1166763,0.8312284,car interaction (UnityEngine.GameObject);Default_CC_Base_Head_Default (1) (UnityEngine.GameObject);Camera (UnityEngine.GameObject);InteractionRange (UnityEngine.GameObject);InteractionRange (UnityEngine.GameObject);mixamorig:Head (UnityEngine.GameObject);Sight (UnityEngine.GameObject);InteractionRange (UnityEngine.GameObject);mixamorig:Head (UnityEngine.GameObject);Sight (UnityEngine.GameObject);FuseModel (5) (UnityEngine.GameObject);InteractionRange (UnityEngine.GameObject);Sight (UnityEngine.GameObject);CSTemplate-SlantedRoofSmall(Clone) (UnityEngine.GameObject);CSTemplate-SlantedRoofSmall(Clone) (UnityEngine.GameObject);CSTemplate-SlantedRoofSmall(Clone) (UnityEngine.GameObject);Street_3_2 (UnityEngine.GameObject),  
4/24/2019 17:06,391.7462,3.024861,434.979,CSTemplate-SlantedRoofSmall(Clone),406.7122,1.998907,450.2709,0.005753253,0.9258747,0.02346648,-0.3770574,car interaction (UnityEngine.GameObject);Default_CC_Base_Head_Default (1) (UnityEngine.GameObject);Camera (UnityEngine.GameObject);Sight (UnityEngine.GameObject);Sight (UnityEngine.GameObject);Sight (UnityEngine.GameObject);Sight (UnityEngine.GameObject),  
4/24/2019 17:06,410.4026,2.911805,434.9945,CSTemplate-SlantedRoofSmall(Clone),406.4184,2.012459,450.6566,0.06183851,0.9899413,0.03572991,0.1221295,car interaction (UnityEngine.GameObject);Default_CC_Base_Head_Default (1) (UnityEngine.GameObject);Camera (UnityEngine.GameObject);Sight (UnityEngine.GameObject);Sight (UnityEngine.GameObject);Sight (UnityEngine.GameObject);Sight (UnityEngine.GameObject);Sight (UnityEngine.GameObject);Sight (UnityEngine.GameObject);Sight (UnityEngine.GameObject),  
4/24/2019 17:06,608.4388,2.872574,139.8509,CSTemplate-SlantedRoofSmall(Clone),406.6841,-42.95329,450.9476,0.03354569,0.9566759,0.07396407,0.2795984,car interaction (UnityEngine.GameObject);Default_CC_Base_Head_Default (1) (UnityEngine.GameObject);Camera (UnityEngine.GameObject);Sight (UnityEngine.GameObject);Sight (UnityEngine.GameObject);Sight (UnityEngine.GameObject);Sight (UnityEngine.GameObject);Sight (UnityEngine.GameObject);Sight (UnityEngine.GameObject);Sight (UnityEngine.GameObject);Sight (UnityEngine.GameObject),  
4/24/2019 17:06,609,1.02674,465.2964,CSTemplate-SlantedRoofSmall(Clone),407.1854,-23.92901,451.243,0.005983149,0.6828546,0.0963985,0.7241417,car interaction (UnityEngine.GameObject);Default_CC_Base_Head_Default (1) (UnityEngine.GameObject);Camera (UnityEngine.GameObject);Sight (UnityEngine.GameObject);Sight (UnityEngine.GameObject);Sight (UnityEngine.GameObject);Sight (UnityEngine.GameObject);Sight (UnityEngine.GameObject);Sight (UnityEngine.GameObject);Sight (UnityEngine.GameObject);Sight (UnityEngine.GameObject);Sight (UnityEngine.GameObject);Sight (UnityEngine.GameObject);Sight (UnityEngine.GameObject),  
4/24/2019 17:06,435.2949,-0.1425976,456.008,CSTemplate-SlantedRoofSmall(Clone),407.2782,-4.531757,451.4722,0.04511444,0.647894,0.1696805,0.7412198,car interaction (UnityEngine.GameObject);Default_CC_Base_Head_Default (1) (UnityEngine.GameObject);Camera (UnityEngine.GameObject);Sight (UnityEngine.GameObject);InteractionRange (UnityEngine.GameObject);Sight (UnityEngine.GameObject);CSTemplate-SlantedRoofSmall(Clone) (UnityEngine.GameObject);Traffic_Lamp_Dual_Animated_Pedestrian_v_A (1) (UnityEngine.GameObject);Sight (UnityEngine.GameObject);small4 (UnityEngine.GameObject);Traffic_Lamp_Base_A (UnityEngine.GameObject);Sight (UnityEngine.GameObject);Sight (UnityEngine.GameObject);Sight (UnityEngine.GameObject);Sight (UnityEngine.GameObject);Sight (UnityEngine.GameObject);Sight (UnityEngine.GameObject);Sight (UnityEngine.GameObject);Street_3_2Street_ (UnityEngine.GameObject),  
4/24/2019 17:06,696.019,12.95817,480.5953,CSTemplate-SlantedRoofSmall(Clone),407.4405,-44.23933,451.6045,-0.01163722,0.671057,0.1311779,0.729616,car interaction (UnityEngine.GameObject);Default_CC_Base_Head_Default (1) (UnityEngine.GameObject);Camera (UnityEngine.GameObject);Sight (UnityEngine.GameObject);Sight (UnityEngine.GameObject);Sight (UnityEngine.GameObject);Sight (UnityEngine.GameObject);Sight (UnityEngine.GameObject);Sight (UnityEngine.GameObject);Sight (UnityEngine.GameObject);Sight (UnityEngine.GameObject);Sight (UnityEngine.GameObject);Sight (UnityEngine.GameObject),  
4/24/2019 17:06,483.5878,2.445472,180.4479,CSTemplate-SlantedRoofSmall(Clone),407.4666,-24.67873,450.8233,-0.1203947,0.9823465,0.03176057,0.1396134,car interaction (UnityEngine.GameObject);Default_CC_Base_Head_Default (1) (UnityEngine.GameObject);Camera (UnityEngine.GameObject);Sight (UnityEngine.GameObject);Sight (UnityEngine.GameObject);Sight (UnityEngine.GameObject);Sight (UnityEngine.GameObject);Sight (UnityEngine.GameObject);Sight (UnityEngine.GameObject);Sight (UnityEngine.GameObject),  
4/24/2019 17:06,459,0.8130643,394.5234,CSTemplate-SlantedRoofSmall(Clone),407.5058,-4.732199,451.2625,-0.05839189,0.93003,0.01615463,0.362455,car interaction (UnityEngine.GameObject);Default_CC_Base_Head_Default (1) (UnityEngine.GameObject);Camera (UnityEngine.GameObject);Sight (UnityEngine.GameObject);Sight (UnityEngine.GameObject);Sight (UnityEngine.GameObject);Sight (UnityEngine.GameObject);InteractionRange (UnityEngine.GameObject);Cube (5) (UnityEngine.GameObject);big3 (UnityEngine.GameObject);Sight (UnityEngine.GameObject);Sight (UnityEngine.GameObject);Sight (UnityEngine.GameObject);Sight (UnityEngine.GameObject);Sight (UnityEngine.GameObject);Sight (UnityEngine.GameObject);Sight (UnityEngine.GameObject);Street_2_2Street_ (UnityEngine.GameObject),  
4/24/2019 17:06,438.0989,4.89363,435,CSTemplate-SlantedRoofSmall(Clone),407.0372,2.010091,451.399,-0.05370485,0.8543127,0.01537676,0.5167488,car interaction (UnityEngine.GameObject);Default_CC_Base_Head_Default (1) (UnityEngine.GameObject);Camera (UnityEngine.GameObject);Sight (UnityEngine.GameObject);Sight (UnityEngine.GameObject);Sight (UnityEngine.GameObject);Sight (UnityEngine.GameObject);Default_CC_Base_Head_Default (UnityEngine.GameObject);InteractionRange (UnityEngine.GameObject);cool (UnityEngine.GameObject);Sight (UnityEngine.GameObject);Sight (UnityEngine.GameObject);Sight (UnityEngine.GameObject);Sight (UnityEngine.GameObject);Sight (UnityEngine.GameObject);Sight (UnityEngine.GameObject);Sight (UnityEngine.GameObject);Sight (UnityEngine.GameObject);Sight (UnityEngine.GameObject);Sight (UnityEngine.GameObject),  
4/24/2019 17:06,451.4509,3.683737,455.9836,CSTemplate-SlantedRoofSmall(Clone),407.4073,2.005023,452.1168,0.02330982,0.6753331,0.05352502,0.7351986,car interaction (UnityEngine.GameObject);Default_CC_Base_Head_Default (1) (UnityEngine.GameObject);Camera (UnityEngine.GameObject);Sight (UnityEngine.GameObject);Sight (UnityEngine.GameObject);Sight (UnityEngine.GameObject);Sight (UnityEngine.GameObject);Sight (UnityEngine.GameObject);Sight (UnityEngine.GameObject);Sight (UnityEngine.GameObject);Sight (UnityEngine.GameObject);Sight (UnityEngine.GameObject);Sight (UnityEngine.GameObject);Sight (UnityEngine.GameObject);Sight (UnityEngine.GameObject);Sight (UnityEngine.GameObject);Sight (UnityEngine.GameObject);Sight (UnityEngine.GameObject);Sight (UnityEngine.GameObject),  
4/24/2019 17:06,448.0388,5.310634,456.008,CSTemplate-SlantedRoofSmall(Clone),407.068,2.009253,451.6035,-0.02768066,0.6683432,0.02892045,0.7427751,car interaction (UnityEngine.GameObject);Default_CC_Base_Head_Default (1) (UnityEngine.GameObject);Camera (UnityEngine.GameObject);Sight (UnityEngine.GameObject);Sight (UnityEngine.GameObject);Sight (UnityEngine.GameObject);Sight (UnityEngine.GameObject);Sight (UnityEngine.GameObject);Sight (UnityEngine.GameObject);Sight (UnityEngine.GameObject);Sight (UnityEngine.GameObject);Sight (UnityEngine.GameObject);Sight (UnityEngine.GameObject);Sight (UnityEngine.GameObject);Sight (UnityEngine.GameObject);Sight (UnityEngine.GameObject);Sight (UnityEngine.GameObject);Sight (UnityEngine.GameObject);Sight (UnityEngine.GameObject),  
4/24/2019 17:06,419.4445,3.009346,453.5305,Street_3_2Street_,407.2047,2.006595,452.2615,0.0044023,0.670269,0.06549803,0.7392092,car interaction (UnityEngine.GameObject);Default_CC_Base_Head_Default (1) (UnityEngine.GameObject);Camera (UnityEngine.GameObject);Sight (UnityEngine.GameObject);Sight (UnityEngine.GameObject);Sight (UnityEngine.GameObject);Sight (UnityEngine.GameObject);Sight (UnityEngine.GameObject);Sight (UnityEngine.GameObject);Sight (UnityEngine.GameObject);Sight (UnityEngine.GameObject);Sight (UnityEngine.GameObject);Sight (UnityEngine.GameObject);Sight (UnityEngine.GameObject);Sight (UnityEngine.GameObject);Sight (UnityEngine.GameObject);Sight (UnityEngine.GameObject);Sight (UnityEngine.GameObject);Sight (UnityEngine.GameObject),  
4/24/2019 17:06,435,4.446154,460.3434,CSTemplate-SlantedRoofSmall(Clone),407.2437,2.003249,452.6141,0.00510886,0.6041979,0.07643109,0.7931439,car interaction (UnityEngine.GameObject);Default_CC_Base_Head_Default (1) (UnityEngine.GameObject);Camera (UnityEngine.GameObject);Sight (UnityEngine.GameObject);Sight (UnityEngine.GameObject);Sight (UnityEngine.GameObject);Sight (UnityEngine.GameObject);Sight (UnityEngine.GameObject);Sight (UnityEngine.GameObject);Sight (UnityEngine.GameObject);Sight (UnityEngine.GameObject);Sight (UnityEngine.GameObject);Sight (UnityEngine.GameObject);Sight (UnityEngine.GameObject),  
4/24/2019 17:06,410.5772,1.666407,455.9928,CSTemplate-SlantedRoofSmall(Clone),407.2747,1.986289,452.9335,0.04699837,0.3969808,0.01879883,0.9164301,car interaction (UnityEngine.GameObject);Default_CC_Base_Head_Default (1) (UnityEngine.GameObject);Camera (UnityEngine.GameObject);Sight (UnityEngine.GameObject);mixamorig:Head (UnityEngine.GameObject);InteractionRange (UnityEngine.GameObject);FuseModel (1) (1) (UnityEngine.GameObject);Sight (UnityEngine.GameObject);InteractionRange (UnityEngine.GameObject);FuseModel (7) (UnityEngine.GameObject);InteractionRange (UnityEngine.GameObject);Default_CC_Base_Head_Default (UnityEngine.GameObject);Sight (UnityEngine.GameObject);Sight (UnityEngine.GameObject);Sight (UnityEngine.GameObject);mixamorig:Head (UnityEngine.GameObject);InteractionRange (UnityEngine.GameObject);FuseModel (1) (1) (UnityEngine.GameObject);Sight (UnityEngine.GameObject);Sight (UnityEngine.GameObject);FuseModel (2) (UnityEngine.GameObject);FuseModel (1) (UnityEngine.GameObject);Sight (UnityEngine.GameObject);FuseModel (10) (UnityEngine.GameObject);Sight (UnityEngine.GameObject);Sight (UnityEngine.GameObject),  
4/24/2019 17:06,431.9719,-41.99245,482.6459,FuseModel (2),407.6498,-41.11348,451.9457,0.01662211,0.3313087,0.01380697,0.943275,car interaction (UnityEngine.GameObject);Default_CC_Base_Head_Default (1) (UnityEngine.GameObject);Camera (UnityEngine.GameObject);Sight (UnityEngine.GameObject);InteractionRange (UnityEngine.GameObject);Sight (UnityEngine.GameObject);mixamorig:Head (UnityEngine.GameObject);InteractionRange (UnityEngine.GameObject);Sight (UnityEngine.GameObject);Sight (UnityEngine.GameObject);InteractionRange (UnityEngine.GameObject);mixamorig:Head (UnityEngine.GameObject);Sight (UnityEngine.GameObject);Sight (UnityEngine.GameObject);Sight (UnityEngine.GameObject);mixamorig:Head (UnityEngine.GameObject);InteractionRange (UnityEngine.GameObject);FuseModel (2) (UnityEngine.GameObject);InteractionRange (UnityEngine.GameObject);FuseModel (1) (UnityEngine.GameObject);InteractionRange (UnityEngine.GameObject);mixamorig:Head (UnityEngine.GameObject);FuseModel (10) (UnityEngine.GameObject);Sight (UnityEngine.GameObject);Sight (UnityEngine.GameObject),  
4/24/2019 17:06,414.586,-50.61587,462.2908,FuseModel (2),407.2683,-48.74563,452.4818,0.06691904,0.3142207,-0.03921608,0.9461762,car interaction (UnityEngine.GameObject);Camera (UnityEngine.GameObject);Default_CC_Base_Head_Default (1) (UnityEngine.GameObject);Sight (UnityEngine.GameObject);mixamorig:Head (UnityEngine.GameObject);InteractionRange (UnityEngine.GameObject);FuseModel (1) (1) (UnityEngine.GameObject);Sight (UnityEngine.GameObject);InteractionRange (UnityEngine.GameObject);FuseModel (7) (UnityEngine.GameObject);Sight (UnityEngine.GameObject);Sight (UnityEngine.GameObject);Sight (UnityEngine.GameObject);FuseModel (2) (UnityEngine.GameObject);Sight (UnityEngine.GameObject);FuseModel (1) (1) (UnityEngine.GameObject);FuseModel (1) (UnityEngine.GameObject),  
4/24/2019 17:06,408.8188,1.161878,455.9928,CSTemplate-SlantedRoofSmall(Clone),406.6712,1.969197,453.1898,0.1043124,0.3204559,-0.04138372,0.9405925,car interaction (UnityEngine.GameObject);Default_CC_Base_Head_Default (1) (UnityEngine.GameObject);Camera (UnityEngine.GameObject);Sight (UnityEngine.GameObject);mixamorig:Head (UnityEngine.GameObject);InteractionRange (UnityEngine.GameObject);FuseModel (1) (1) (UnityEngine.GameObject);FuseModel (7) (UnityEngine.GameObject);Sight (UnityEngine.GameObject);Sight (UnityEngine.GameObject);Sight (UnityEngine.GameObject);Sight (UnityEngine.GameObject);Sight (UnityEngine.GameObject),  
4/24/2019 17:06,409.9196,1.277497,455.9928,CSTemplate-SlantedRoofSmall(Clone),407.1119,1.982642,452.9728,0.06993619,0.3667049,-0.05276453,0.9262033,car interaction (UnityEngine.GameObject);Default_CC_Base_Head_Default (1) (UnityEngine.GameObject);Camera (UnityEngine.GameObject);Sight (UnityEngine.GameObject);mixamorig:Head (UnityEngine.GameObject);InteractionRange (UnityEngine.GameObject);FuseModel (1) (1) (UnityEngine.GameObject);Sight (UnityEngine.GameObject);Sight (UnityEngine.GameObject);FuseModel (7) (UnityEngine.GameObject);Sight (UnityEngine.GameObject);Sight (UnityEngine.GameObject);Sight (UnityEngine.GameObject);FuseModel (1) (1) (UnityEngine.GameObject);FuseModel (2) (UnityEngine.GameObject);FuseModel (1) (UnityEngine.GameObject);Sight (UnityEngine.GameObject);FuseModel (5) (UnityEngine.GameObject);Sight (UnityEngine.GameObject),  
4/24/2019 17:06,415.0331,-58.42721,455.4294,FuseModel (1) (1),407.9348,-57.50251,452.1111,0.01362533,0.5374512,-0.08765041,0.8386167,car interaction (UnityEngine.GameObject);Default_CC_Base_Head_Default (1) (UnityEngine.GameObject);Camera (UnityEngine.GameObject);Sight (UnityEngine.GameObject);Sight (UnityEngine.GameObject);mixamorig:Head (UnityEngine.GameObject);InteractionRange (UnityEngine.GameObject);FuseModel (7) (UnityEngine.GameObject);Sight (UnityEngine.GameObject);Sight (UnityEngine.GameObject);InteractionRange (UnityEngine.GameObject);FuseModel (1) (1) (UnityEngine.GameObject);Sight (UnityEngine.GameObject);Sight (UnityEngine.GameObject);mixamorig:Head (UnityEngine.GameObject);InteractionRange (UnityEngine.GameObject);mixamorig:Head (UnityEngine.GameObject);InteractionRange (UnityEngine.GameObject);FuseModel (1) (UnityEngine.GameObject);FuseModel (2) (UnityEngine.GameObject);Sight (UnityEngine.GameObject);FuseModel (5) (UnityEngine.GameObject);InteractionRange (UnityEngine.GameObject);FuseModel (10) (UnityEngine.GameObject);Sight (UnityEngine.GameObject),  
4/24/2019 17:06,419.6429,0.09975928,454.7317,Street_3_2,408.2921,1.989444,452.3319,0.01847456,0.6312421,-0.1044142,0.7683032,car interaction (UnityEngine.GameObject);Default_CC_Base_Head_Default (1) (UnityEngine.GameObject);Camera (UnityEngine.GameObject);Sight (UnityEngine.GameObject);Sight (UnityEngine.GameObject);InteractionRange (UnityEngine.GameObject);Sight (UnityEngine.GameObject);FuseModel (7) (UnityEngine.GameObject);InteractionRange (UnityEngine.GameObject);FuseModel (1) (1) (UnityEngine.GameObject);Sight (UnityEngine.GameObject);InteractionRange (UnityEngine.GameObject);mixamorig:Head (UnityEngine.GameObject);Sight (UnityEngine.GameObject);FuseModel (1) (UnityEngine.GameObject);mixamorig:Head (UnityEngine.GameObject);InteractionRange (UnityEngine.GameObject);Sight (UnityEngine.GameObject);FuseModel (2) (UnityEngine.GameObject);FuseModel (5) (UnityEngine.GameObject),  
4/24/2019 17:06,415.2053,0.09975933,452.8525,Street_3_2,408.5468,1.960445,453.2702,0.05918613,0.7252868,-0.1303648,0.6733952,car interaction (UnityEngine.GameObject);Default_CC_Base_Head_Default (1) (UnityEngine.GameObject);Camera (UnityEngine.GameObject);Sight (UnityEngine.GameObject);Sight (UnityEngine.GameObject);FuseModel (1) (1) (UnityEngine.GameObject);Sight (UnityEngine.GameObject);FuseModel (7) (UnityEngine.GameObject);Sight (UnityEngine.GameObject);FuseModel (1) (UnityEngine.GameObject);Sight (UnityEngine.GameObject);FuseModel (2) (UnityEngine.GameObject);Sight (UnityEngine.GameObject),  
4/24/2019 17:06,413.869,0.0997593,452.6752,Street_3_2,409.3448,1.940523,452.7462,0.08778919,0.7070095,-0.1822101,0.6776652,car interaction (UnityEngine.GameObject);Default_CC_Base_Head_Default (1) (UnityEngine.GameObject);Camera (UnityEngine.GameObject);Sight (UnityEngine.GameObject);InteractionRange (UnityEngine.GameObject);FuseModel (1) (1) (UnityEngine.GameObject);Sight (UnityEngine.GameObject);FuseModel (1) (UnityEngine.GameObject);Sight (UnityEngine.GameObject);FuseModel (2) (UnityEngine.GameObject);Sight (UnityEngine.GameObject);Sight (UnityEngine.GameObject),  
4/24/2019 17:06,416.1199,0.09975914,451.6796,Street_3_2,409.9292,1.964101,452.1421,0.04426085,0.7302577,-0.1568529,0.6634469,car interaction (UnityEngine.GameObject);Default_CC_Base_Head_Default (1) (UnityEngine.GameObject);Camera (UnityEngine.GameObject);Sight (UnityEngine.GameObject);Sight (UnityEngine.GameObject);Sight (UnityEngine.GameObject);Sight (UnityEngine.GameObject);Sight (UnityEngine.GameObject),  
4/24/2019 17:06,415.8737,0.09975927,452.4689,Street_3_2,410.1581,1.959312,453.0204,0.08026705,0.7344849,-0.1378118,0.6596189,car interaction (UnityEngine.GameObject);Default_CC_Base_Head_Default (1) (UnityEngine.GameObject);Camera (UnityEngine.GameObject);Sight (UnityEngine.GameObject);Sight (UnityEngine.GameObject);Sight (UnityEngine.GameObject);Sight (UnityEngine.GameObject),  
